Workbook

Sheet Student Database
A1: S.no | B1: Name | C1: Reg.No | D1: Department | E1: Year | F1: Sub 1 | G1: Sub 2 | H1: Sub 3 | I1: Sub 4 | J1: Sub 5 | K1: Total | L1: AVG | M1: % | N1: Grade | O1: Rank | P1: Result | Q1: Column1
A2: 1 | B2: Varun | C2: 25 | D2: CSE | E2: IV | F2: 100 | G2: 95 | H2: 98 | I2: 97 | J2: 100 | K2: =SUM(F2:J2) -> 490 | L2: =AVERAGE(F2:J2) -> 98 | M2: =(490/500)*100 -> 98 | N2: =IF(M2>=90,"A+",IF(M2>=80,"A",IF(M2>=70,"B+",IF(M2>=50,"B",IF(M2>=40,"C",IF(M2<40,"F")))))) -> A+ | O2: =RANK(K2,$K$2:$K$21,0) -> 1 | P2: =IF(M2>=40,"Pass","Fail") -> Pass | Q2: varun@gmail.com
A3: 2 | B3: Rekish | C3: 19 | D3: CSE | E3: III | F3: 96 | G3: 98 | H3: 79 | I3: 79 | J3: 100 | K3: =SUM(F3:J3) -> 452 | L3: =AVERAGE(F3:J3) -> 90.4 | M3: =(452/500)*100 -> 90.4 | N3: =IF(M3>=90,"A+",IF(M3>=80,"A",IF(M3>=70,"B+",IF(M3>=50,"B",IF(M3>=40,"C",IF(M3<40,"F")))))) -> A+ | O3: =RANK(K3,$K$2:$K$21,0) -> 6 | P3: =IF(M3>=40,"Pass","Fail") -> Pass | Q3: rekish@gmail.com
A4: 3 | B4: Ajay | C4: 1 | D4: ECE | E4: IV | F4: 100 | G4: 84 | H4: 82 | I4: 94 | J4: 100 | K4: =SUM(F4:J4) -> 460 | L4: =AVERAGE(F4:J4) -> 92 | M4: 92 | N4: =IF(M4>=90,"A+",IF(M4>=80,"A",IF(M4>=70,"B+",IF(M4>=50,"B",IF(M4>=40,"C",IF(M4<40,"F")))))) -> A+ | O4: =RANK(K4,$K$2:$K$21,0) -> 5 | P4: =IF(M4>=40,"Pass","Fail") -> Pass | Q4: ajay@gmail.com
A5: 4 | B5: Sarath | C5: 22 | D5: ECE | E5: IV | F5: 98 | G5: 85 | H5: 98 | I5: 96 | J5: 100 | K5: =SUM(F5:J5) -> 477 | L5: =AVERAGE(F5:J5) -> 95.4 | M5: 95.4 | N5: =IF(M5>=90,"A+",IF(M5>=80,"A",IF(M5>=70,"B+",IF(M5>=50,"B",IF(M5>=40,"C",IF(M5<40,"F")))))) -> A+ | O5: =RANK(K5,$K$2:$K$21,0) -> 3 | P5: =IF(M5>=40,"Pass","Fail") -> Pass | Q5: sarath@gmail.com
A6: 5 | B6: Apsal | C6: 3 | D6: IT | E6: III | F6: 100 | G6: 49 | H6: 83 | I6: 98 | J6: 100 | K6: =SUM(F6:J6) -> 430 | L6: =AVERAGE(F6:J6) -> 86 | M6: 86 | N6: =IF(M6>=90,"A+",IF(M6>=80,"A",IF(M6>=70,"B+",IF(M6>=50,"B",IF(M6>=40,"C",IF(M6<40,"F")))))) -> A | O6: =RANK(K6,$K$2:$K$21,0) -> 10 | P6: =IF(M6>=40,"Pass","Fail") -> Pass | Q6: apsal@gmail.com
A7: 6 | B7: Seeman | C7: 24 | D7: CSE | E7: IV | F7: 95 | G7: 28 | H7: 56 | I7: 95 | J7: 100 | K7: =SUM(F7:J7) -> 374 | L7: =AVERAGE(F7:J7) -> 74.8 | M7: 74.8 | N7: =IF(M7>=90,"A+",IF(M7>=80,"A",IF(M7>=70,"B+",IF(M7>=50,"B",IF(M7>=40,"C",IF(M7<40,"F")))))) -> B+ | O7: =RANK(K7,$K$2:$K$21,0) -> 15 | P7: =IF(M7>=40,"Pass","Fail") -> Pass | Q7: seeman@gmail.com
A8: 7 | B8: Sarithan | C8: 23 | D8: IT | E8: IV | F8: 86 | G8: 74 | H8: 74 | I8: 97 | J8: 98 | K8: =SUM(F8:J8) -> 429 | L8: =AVERAGE(F8:J8) -> 85.8 | M8: 85.8 | N8: =IF(M8>=90,"A+",IF(M8>=80,"A",IF(M8>=70,"B+",IF(M8>=50,"B",IF(M8>=40,"C",IF(M8<40,"F")))))) -> A | O8: =RANK(K8,$K$2:$K$21,0) -> 11 | P8: =IF(M8>=40,"Pass","Fail") -> Pass | Q8: sarithan@gmail.com
A9: 8 | B9: Nithya | C9: 8 | D9: CSE | E9: IV | F9: 94 | G9: 89 | H9: 98 | I9: 98 | J9: 100 | K9: =SUM(F9:J9) -> 479 | L9: =AVERAGE(F9:J9) -> 95.8 | M9: 95.8 | N9: =IF(M9>=90,"A+",IF(M9>=80,"A",IF(M9>=70,"B+",IF(M9>=50,"B",IF(M9>=40,"C",IF(M9<40,"F")))))) -> A+ | O9: =RANK(K9,$K$2:$K$21,0) -> 2 | P9: =IF(M9>=40,"Pass","Fail") -> Pass | Q9: nithya@gmail.com
A10: 9 | B10: Dhanusha | C10: 5 | D10: CSE | E10: IV | F10: 84 | G10: 31 | H10: 74 | I10: 100 | J10: 79 | K10: =SUM(F10:J10) -> 368 | L10: =AVERAGE(F10:J10) -> 73.6 | M10: 73.6 | N10: =IF(M10>=90,"A+",IF(M10>=80,"A",IF(M10>=70,"B+",IF(M10>=50,"B",IF(M10>=40,"C",IF(M10<40,"F")))))) -> B+ | O10: =RANK(K10,$K$2:$K$21,0) -> 16 | P10: =IF(M10>=40,"Pass","Fail") -> Pass | Q10: dhanusha@gmail.com
A11: 10 | B11: Srinath | C11: 45 | D11: MECH | E11: II | F11: 13 | G11: 23 | H11: 21 | I11: 32 | J11: 78 | K11: =SUM(F11:J11) -> 167 | L11: =AVERAGE(F11:J11) -> 33.4 | M11: 33.4 | N11: =IF(M11>=90,"A+",IF(M11>=80,"A",IF(M11>=70,"B+",IF(M11>=50,"B",IF(M11>=40,"C",IF(M11<40,"F")))))) -> F | O11: =RANK(K11,$K$2:$K$21,0) -> 20 | P11: =IF(M11>=40,"Pass","Fail") -> Fail | Q11: srinath@gmail.com
A12: 11 | B12: Satish | C12: 46 | D12: MECH | E12: IV | F12: 24 | G12: 74 | H12: 89 | I12: 54 | J12: 100 | K12: =SUM(F12:J12) -> 341 | L12: =AVERAGE(F12:J12) -> 68.2 | M12: 68.2 | N12: =IF(M12>=90,"A+",IF(M12>=80,"A",IF(M12>=70,"B+",IF(M12>=50,"B",IF(M12>=40,"C",IF(M12<40,"F")))))) -> B | O12: =RANK(K12,$K$2:$K$21,0) -> 17 | P12: =IF(M12>=40,"Pass","Fail") -> Pass | Q12: satish@gmail.com
A13: 12 | B13: Sham | C13: 67 | D13: IT | E13: II | F13: 98 | G13: 74 | H13: 72 | I13: 87 | J13: 100 | K13: =SUM(F13:J13) -> 431 | L13: =AVERAGE(F13:J13) -> 86.2 | M13: 86.2 | N13: =IF(M13>=90,"A+",IF(M13>=80,"A",IF(M13>=70,"B+",IF(M13>=50,"B",IF(M13>=40,"C",IF(M13<40,"F")))))) -> A | O13: =RANK(K13,$K$2:$K$21,0) -> 9 | P13: =IF(M13>=40,"Pass","Fail") -> Pass | Q13: sham@gmail.com
A14: 13 | B14: Rahul | C14: 10 | D14: IT | E14: I | F14: 92 | G14: 65 | H14: 96 | I14: 98 | J14: 98 | K14: =SUM(F14:J14) -> 449 | L14: =AVERAGE(F14:J14) -> 89.8 | M14: 89.8 | N14: =IF(M14>=90,"A+",IF(M14>=80,"A",IF(M14>=70,"B+",IF(M14>=50,"B",IF(M14>=40,"C",IF(M14<40,"F")))))) -> A | O14: =RANK(K14,$K$2:$K$21,0) -> 7 | P14: =IF(M14>=40,"Pass","Fail") -> Pass | Q14: rahul@gmail.com
A15: 14 | B15: Surendhar | C15: 61 | D15: IT | E15: III | F15: 35 | G15: 47 | H15: 72 | I15: 75 | J15: 74 | K15: =SUM(F15:J15) -> 303 | L15: =AVERAGE(F15:J15) -> 60.6 | M15: 60.6 | N15: =IF(M15>=90,"A+",IF(M15>=80,"A",IF(M15>=70,"B+",IF(M15>=50,"B",IF(M15>=40,"C",IF(M15<40,"F")))))) -> B | O15: =RANK(K15,$K$2:$K$21,0) -> 19 | P15: =IF(M15>=40,"Pass","Fail") -> Pass | Q15: surendhar@gmail.com
... A21: 20 | B21: Anushka | C21: 4 | D21: IT | E21: I | F21: 100 | G21: 91 | H21: 86 | I21: 89 | J21: 100 | K21: =SUM(F21:J21) -> 466 | L21: =AVERAGE(F21:J21) -> 93.2 | M21: 93.2 | N21: =IF(M21>=90,"A+",IF(M21>=80,"A",IF(M21>=70,"B+",IF(M21>=50,"B",IF(M21>=40,"C",IF(M21<40,"F")))))) -> A+ | O21: =RANK(K21,$K$2:$K$21,0) -> 4 | P21: =IF(M21>=40,"Pass","Fail") -> Pass | Q21: anushka@gmail.com

Sheet Analytics
A1: STUDENTS ANALYTICS REPORT: | B1: Column1 | C1: Column2
A4: Metric | B4: Value
A5: Total Students | B5: =COUNT('Student Database'!C2:C21 ) -> 20
A6: CSE Students | B6: =COUNTIF('Student Database'!D2:D21,"CSE") -> 5
A7: IT Students | B7: =COUNTIF('Student Database'!D2:D21,"IT") -> 7
A8: ECE Students | B8: =COUNTIF('Student Database'!D2:D21, "ECE") -> 2
A9: Students above 90% | B9: =COUNTIF('Student Database'!M2:M21,">90") -> 6
A10: Students between 80% - 90% | B10: =COUNTIFS('Student Database'!M2:M21, ">=80", 'Student Database'!M2:M21, "<=90") -> 6
A11: Failed Students | B11: =COUNTIF('Student Database'!P2:P21, "FAIL") -> 1
A12: Highest Percentage | B12: =MAX('Student Database'!M2:M21) -> 98
A13: Lowest Percentage | B13: =MIN('Student Database'!M2:M21) -> 33.4
A14: Second Highest Percentage | B14: =LARGE('Student Database'!M2:M21, 2) -> 95.8
A15: Third Lowest Percentage | B15: =SMALL('Student Database'!M2:M21, 3) -> 65.6
A16: Total Marks(CSE) | B16: =SUMIF('Student Database'!D2:D21, "CSE", 'Student Database'!K2:K21 ) -> 2163
A17: Total Marks(IT) | B17: =SUMIF('Student Database'!D2:D21, "IT", 'Student Database'!K2:K21 ) -> 2952
A18: CSE Students above 90% | B18: =COUNTIFS('Student Database'!D2:D21, "CSE", 'Student Database'!M2:M21, ">90") -> 3
A19: Total Marks(CSE>90%) | B19: =SUMIFS('Student Database'!K2:K21, 'Student Database'!D2:D21, "CSE", 'Student Database'!M2:M21, ">90") -> 1421
A20: Average Percentage | B20: =AVERAGE('Student Database'!M2:M21) -> 80.71
A21: Maximum Total Marks | B21: =MAX('Student Database'!K2:K21) -> 490
A22: Minimum Total Marks | B22: =MIN('Student Database'!K2:K21) -> 167
A23: Pass Percentage | B23: =COUNTIF('Student Database'!P2:P21,"Pass")/COUNTA('Student Database'!P2:P21) -> 0.95
A24: Fail Percentage | B24: =COUNTIF('Student Database'!P2:P21,"FAIL")/COUNTA('Student Database'!P2:P21) -> 0.05
